Gender,Degree,Branch,CGPA,Coding_Skills,Communication_Skills,Projects,Internships,Readiness_Score
Male,M.Tech,ECE,8.125346914055205,8,5,5,0,54.41635071074318
Female,M.Tech,ECE,8.274258703140069,5,8,2,0,47.94930340945772
Male,B.Tech,CSE,8.166725359204138,5,9,0,1,45.61453716758563
Male,B.Sc,CSE,7.6074968175062985,8,8,2,2,51.393655695481975
Male,M.Tech,ECE,7.2631938956312085,3,4,3,0,28.404913599113893
Female,B.Tech,ECE,7.318472059615786,6,9,2,0,42.919178910941895
Male,M.Sc,ECE,7.266110063576782,3,4,2,0,23.002766406782904
Male,B.Sc,ECE,8.860524116240477,6,6,3,2,51.27043298780344
Male,M.Sc,ME,8.212268066737034,8,5,2,0,48.75151350187773
Female,B.Sc,CE,5.0,7,7,3,1,38.93792889258851
Male,M.Tech,CE,8.287080931835714,8,4,3,1,50.56025879636235
Male,B.Tech,ME,7.73368343366253,7,7,2,1,46.796474944383476
Male,M.Sc,EE,7.477549492264923,3,7,1,1,30.876992089126613
Male,B.Sc,CSE,7.033777856293337,7,5,4,2,47.627609956079404
Female,B.Tech,CSE,8.848935263983217,9,6,3,0,63.18694514328523
Male,B.Tech,CSE,8.63703175454743,8,5,4,0,61.94134993762147
Female,B.Tech,ME,6.572546798611669,4,9,0,0,31.958145588501743
Female,B.Sc,CE,7.988462744549442,4,4,2,0,35.684091028539285
Female,M.Sc,CSE,6.334011918550457,9,7,4,0,46.59587441176434
Male,B.Tech,EE,5.844458202253284,6,5,5,1,36.49260490460223
Female,M.Tech,CSE,6.747939330492041,10,5,4,0,52.04182792277102
Male,B.Tech,EE,8.53487216685931,3,5,2,0,36.48682922718885
Female,M.Sc,ECE,8.643750054451305,7,4,4,1,53.04231965187225
Female,B.Sc,CSE,8.11570250411675,4,6,4,2,47.284839867115906
Female,B.Sc,ECE,8.370114944217596,4,5,3,2,43.44820533258314
Female,B.Tech,CSE,8.11941394453795,7,4,3,0,46.15821255666171
Female,B.Tech,CSE,6.730222085732457,10,7,7,1,55.32311412802233
Female,B.Tech,CSE,8.018307053608728,5,9,0,1,46.200794415152195
Female,B.Tech,CE,8.460491430273219,5,8,1,0,52.59604187633326
Female,B.Sc,ECE,8.405149595776289,6,4,2,0,41.66365561805742
Male,B.Sc,CSE,8.926696045769571,8,8,3,1,63.792798820733545
Male,M.Sc,ME,8.349964616641277,5,5,2,0,44.43229443836398
Female,M.Sc,ME,7.921737849049899,4,5,0,0,36.37107291245177
Female,M.Tech,CSE,8.784180285979712,8,4,6,1,60.35656169410218
Female,B.Sc,ECE,7.468174488901128,6,8,5,0,44.954650727896166
Male,M.Sc,CSE,6.4417504185267385,6,5,2,0,34.00775391926227
Female,B.Sc,CSE,7.304319643267483,8,7,2,1,49.65624837601263
Male,B.Tech,ME,6.606116826232261,5,6,0,1,30.044146277810004
Male,B.Tech,CSE,6.689786070030742,4,6,0,0,26.404846718198094
Male,B.Tech,ECE,7.326577595141378,4,5,3,0,35.39050690590146
Male,M.Sc,ME,6.5490960948000465,3,8,2,0,31.602084767334052
Male,M.Tech,CSE,7.130446164433152,8,9,3,0,52.51988389509645
Female,B.Tech,ECE,5.227662399655458,3,5,0,0,12.935139641651583
Female,M.Tech,CSE,7.755952448847526,7,9,1,1,51.68855119804301
Female,M.Tech,EE,7.501446570434669,7,9,5,0,54.153586877783425
Female,B.Tech,ECE,6.519493642718171,7,8,5,1,51.37637169424831
Female,B.Tech,CE,8.291094802118886,4,9,1,0,41.53090697295048
Male,M.Tech,ECE,8.62508416515187,7,7,1,1,52.636346234026576
Female,M.Tech,CSE,5.570928162757231,9,8,3,1,40.44324211908059
Female,B.Sc,ME,6.584730265720543,7,5,5,1,43.73198351928514
Male,M.Tech,EE,6.577029180255242,5,7,4,0,40.2757523560325
Female,B.Sc,ME,6.372116278669362,7,4,4,0,34.79815973855863
Male,M.Tech,CE,8.495369810318099,8,6,3,0,53.78969521063612
Female,M.Tech,CE,7.267408633472636,7,5,2,0,33.72257648443852
Male,B.Sc,CSE,7.182582190427267,7,5,1,1,36.324604150300964
Female,B.Tech,CSE,5.0953651627118965,3,5,0,0,9.474989530151895
Female,B.Tech,ME,8.262501636251072,5,7,3,0,46.99137408093246
Male,B.Tech,ECE,6.012889926175833,4,4,2,1,26.41089992756647
Male,B.Sc,CE,7.571919156319594,3,8,1,0,34.485570462319195
Male,M.Tech,EE,7.83285232554983,6,4,3,2,44.73822269352573
Male,B.Sc,ECE,9.132790315006382,5,7,1,1,48.770547756103156
Male,B.Tech,CSE,5.929415521057066,9,5,3,0,42.61351926235277
Male,B.Tech,CE,5.0,5,6,4,1,30.082903985093605
Male,B.Tech,CSE,7.720619453704434,7,5,2,1,44.655213266643855
Male,B.Tech,CE,9.660613417813025,6,8,2,2,65.39913454815749
Female,M.Tech,ECE,8.986735623527325,6,9,2,1,62.99256108637448
Female,B.Tech,ME,7.751591298329551,4,6,3,1,37.438987105942964
Male,B.Tech,CSE,6.910036577241543,9,5,3,0,47.91663856296968
Female,M.Sc,ME,8.468547115964773,5,6,0,0,49.52539596329224
Female,B.Tech,ECE,6.331744560354638,7,9,1,1,42.831083985278404
Female,M.Tech,ECE,8.071629323227462,7,4,5,0,50.44277051452428
Female,B.Sc,CSE,8.106564190999952,10,7,6,0,65.47218332631887
Male,B.Tech,ME,8.772251888998655,6,5,1,0,46.65961144201971
Female,M.Tech,CE,10.0,4,8,3,2,62.26469749964966
Male,B.Sc,CSE,7.97089916061452,9,4,5,0,51.3133165634018
Female,M.Sc,CSE,6.889243649151002,3,5,3,1,31.478233232261747
Female,B.Tech,CSE,7.4693108253696066,4,4,3,0,27.340704692058736
Female,M.Sc,ME,5.377108914133059,7,8,2,0,33.968036968267185
Male,B.Tech,ME,6.66634424269313,4,5,3,1,30.289999674692567
Female,B.Tech,ECE,7.008861074264275,6,9,5,2,54.29292140521433
Male,B.Tech,CSE,6.871093922478489,5,9,4,1,40.7018663978923
Female,M.Sc,ECE,7.682825846440466,6,8,5,2,54.115558702821076
Male,B.Tech,ECE,6.513096081141359,3,6,0,0,25.86709812729888
Female,B.Tech,ECE,8.845236800789365,8,8,3,1,60.15353246151456
Male,M.Tech,EE,7.500248477901836,7,6,1,2,40.286683535157366
Male,B.Tech,CSE,7.488839614633663,5,5,2,2,41.48341492496671
Female,B.Tech,ME,7.106526340184499,3,6,0,1,26.768459950717972
Male,B.Tech,ECE,7.686228820630775,3,5,2,0,31.781938837788182
Female,B.Tech,ECE,8.490117917601161,4,5,4,2,45.751098746219185
Female,B.Tech,ME,6.45944374114692,8,7,4,0,52.12429712476605
Female,B.Tech,ME,6.710260213109692,4,5,1,0,22.587343071097614
Female,M.Tech,EE,7.135528765468003,7,6,1,0,48.31365942849084
Female,B.Tech,CSE,5.884954891832142,3,7,3,0,25.693375314294347
Female,B.Tech,CSE,6.516890568334203,8,7,2,1,45.096127583104064
Female,B.Sc,ME,6.928534951746409,8,5,3,1,43.95793156877611
Female,B.Tech,ECE,8.549267016855273,5,8,1,0,44.22347919934305
Female,M.Tech,CSE,7.81507359480231,9,8,4,0,56.42484074740484
Female,B.Tech,CSE,7.732307893641053,10,9,6,1,70.53095458131057
Female,B.Tech,CSE,8.521077554601566,3,7,0,1,34.44962180228379
Male,B.Tech,CE,7.335153853920724,3,5,1,1,31.325470978474577
Male,B.Tech,CSE,7.968557819914667,10,8,7,2,65.92453538099925
Female,B.Tech,CSE,7.376133896481004,6,5,4,1,45.63294524786687
Female,B.Tech,CSE,7.818434819279554,9,5,4,2,60.34692562236279
Female,B.Tech,ECE,6.800689610866102,3,7,0,1,24.53613589883006
Female,B.Tech,CSE,5.0,10,9,4,1,50.369561138489566
Female,B.Tech,ECE,7.338865005376435,3,7,3,2,39.742901819687134
Female,B.Tech,CSE,9.207297763319929,10,4,3,2,70.0390659459931
Female,B.Tech,CE,8.61145848268991,7,8,4,0,55.43646508253952
Female,M.Tech,CSE,8.658476981509406,10,8,6,0,79.06548626689128
Male,M.Tech,ECE,8.983356866167462,5,8,1,0,41.50557251180684
Female,B.Tech,CE,7.606389109153725,8,6,3,1,50.42760103079175
Male,B.Sc,ME,7.736778848886715,8,5,6,0,49.436075072562595
Female,M.Tech,ECE,6.75881772547878,7,7,5,0,52.77273555008864
Female,B.Tech,CSE,7.12071257276754,10,8,4,1,58.60583912182441
Male,B.Sc,CSE,8.23892537972537,7,4,2,1,46.58516371291103
Female,M.Sc,ME,8.94466132460258,5,8,3,0,53.77546001964888
Male,B.Tech,EE,7.3326644691828005,7,9,2,0,47.98157125611494
Female,B.Tech,ME,6.9597728821783065,3,5,1,0,24.199574846088055
Female,B.Sc,ECE,7.500633550627917,7,5,1,2,40.56719288521369
Male,B.Sc,ME,8.221448098714937,5,7,1,1,44.945339910401024
Female,B.Tech,ECE,5.76737422063975,6,6,5,1,39.96296844412916
Male,B.Tech,CSE,5.0,9,7,4,0,42.30835393142741
Female,B.Tech,ECE,6.8393557806100995,7,8,5,0,55.1076485679135
Male,B.Tech,EE,6.035145088903009,8,9,4,0,40.467341597953855
Male,M.Tech,CSE,6.890231762823227,4,4,1,0,26.471572318214577
Female,B.Tech,ME,7.3226636174190345,3,7,0,2,37.066750767534046
Female,B.Tech,CSE,6.956101909172384,3,6,3,0,31.251933070606597
Male,B.Sc,ECE,9.242961041364895,4,7,2,1,42.77658222044289
Female,B.Tech,CSE,7.892093717522784,5,5,3,1,39.25722135836472
Female,B.Tech,ECE,7.860569231532994,7,8,2,1,52.48245827156325
Female,B.Sc,CE,8.246648572852083,4,8,0,1,42.35648332176252
Male,B.Sc,CSE,6.133400258663077,8,8,3,1,47.929071758112634
Male,M.Tech,ME,8.746934144904323,8,8,5,1,63.24968914989248
Male,M.Tech,CE,7.409082856157448,8,8,2,1,52.3452579528137
Male,B.Tech,EE,8.304576740689456,5,8,3,2,49.76764829822553
Male,B.Tech,CSE,6.213771320351814,5,4,1,1,28.17361301415307
Male,M.Tech,ECE,5.635489480780723,4,6,2,1,26.639240142661624
Male,B.Tech,CSE,8.481467589630034,8,8,3,2,59.53733658840262
Male,B.Tech,EE,7.95169143131702,3,6,0,0,36.273588369079064
Male,B.Tech,EE,6.417538134770988,3,9,0,0,22.277209847027656
Female,B.Tech,ECE,6.456404302470367,8,8,6,0,51.42467397690173
Male,B.Tech,CE,8.850521741297722,8,7,5,0,60.01885819925784
Female,B.Tech,ECE,6.072705728559207,7,8,4,0,48.2721738122574
Female,B.Tech,ME,9.471207543907155,6,5,4,1,59.17799484185974
Female,B.Tech,CSE,6.419255118422558,5,4,4,1,32.67871069553529
Male,B.Sc,CE,8.26607031073006,5,7,2,2,47.86838710753036
Male,M.Tech,CSE,7.105657829101219,7,7,2,0,48.88438576321556
Male,M.Tech,CE,8.223824917298812,5,5,2,0,38.281900386380556
Male,B.Sc,CE,6.847063197462969,3,8,3,0,29.01125689030836
Female,B.Tech,ME,7.304648512713247,5,4,3,1,38.812022774782044
Male,B.Tech,CSE,7.549103010474865,7,7,2,1,48.90220583173932
Male,M.Tech,CSE,6.2973750530622326,7,4,1,1,35.44902070520965
Male,M.Tech,CSE,8.388989214504152,6,7,1,2,52.240701458529664
Male,B.Sc,ECE,6.884143720234098,5,8,2,1,45.39475705138376
Male,B.Tech,CSE,7.225680101591978,4,9,3,2,39.86633480509042
Female,B.Tech,EE,6.306780750469786,6,7,1,0,30.121163807771605
Male,B.Tech,ECE,5.0,7,9,3,1,39.986610001838564
Female,B.Tech,CSE,7.270766684879797,9,7,6,2,58.52994582635768
Male,M.Tech,ECE,10.0,3,6,1,3,47.51912496911079
Female,M.Tech,ECE,8.441525145477629,5,8,2,2,57.02446230749936
Male,B.Tech,ME,7.476887544318727,4,5,2,0,29.001498870919495
Male,M.Sc,ECE,7.184531004950079,3,9,0,1,32.94225880725744
Female,M.Tech,EE,7.526959071374455,5,5,2,1,38.761429852330295
Female,B.Tech,ECE,8.156542938210253,6,8,3,2,58.422223110706916
Female,B.Tech,EE,6.083024621629386,7,5,2,0,28.225071888262235
Male,B.Tech,CE,8.837186033602647,8,8,3,1,63.38065276724575
Female,B.Tech,CSE,8.358457578529492,5,5,4,1,45.2573920741745
Male,B.Tech,EE,8.36182287084952,8,9,5,2,68.83154864065226
Male,B.Tech,CSE,8.026170886571673,7,6,1,2,46.436602141349454
Female,B.Tech,CE,7.523539989232788,8,5,2,1,51.96926981506516
Female,B.Tech,ECE,8.307433483160183,6,9,3,1,52.363913065904555
Male,B.Sc,CE,8.210176960489653,5,7,4,0,40.98623375637928
Male,B.Tech,CE,7.0751511468707715,6,8,3,1,43.639914687556285
Female,M.Tech,CE,6.811677872523719,8,4,2,0,38.530611347880075
Female,B.Tech,CE,7.622227554314384,6,4,2,2,45.86931583426212
Female,M.Sc,CSE,9.358824181794224,8,8,5,2,67.4888117101817
Male,B.Tech,CSE,6.013071509215319,5,6,4,1,31.80693511839413
Male,B.Tech,ECE,5.738969681097072,6,5,2,0,31.871107353264946
Male,M.Sc,CSE,7.69771300948382,7,6,4,1,47.0606027030163
Male,B.Sc,ME,7.5610652422272215,4,4,4,1,38.16277446252159
Male,B.Sc,CSE,7.70800999724449,6,9,5,0,52.994328655282125
Male,B.Tech,EE,7.7927438374902005,8,8,2,2,56.52031274508121
Female,B.Tech,ME,7.232157294438234,5,8,1,0,35.92117691325938
Male,M.Tech,CE,9.287836126322498,3,6,3,2,46.83492248680019
Male,M.Sc,CSE,5.578915225828181,7,9,5,0,44.47817468022596
Male,M.Tech,CE,6.505803570263705,4,6,3,1,31.013500528739534
Female,M.Tech,EE,7.376094287821143,6,5,1,1,34.73221371212489
Male,B.Tech,ECE,5.528173426614999,5,7,2,0,31.963551634356158
Male,B.Sc,ME,7.2889747146815145,4,9,0,0,36.8648010988933
Female,B.Tech,CE,9.493764198873622,7,7,3,3,70.93175904720441
Male,B.Tech,CSE,7.525063785955155,4,5,1,0,34.50228566938176
Male,B.Tech,ECE,7.7768410868624205,5,7,1,2,39.96772667739114
Male,M.Tech,ECE,5.987802281792904,8,4,6,0,42.660365855381855
Male,B.Tech,CSE,6.760366310352627,4,7,1,0,27.848646431294355
Male,B.Tech,ECE,7.049764343611276,8,5,6,0,45.454868382623914
Female,M.Tech,CSE,7.118741883892519,6,7,1,1,39.25974201303406
Female,B.Tech,CSE,9.037972554004522,6,8,2,2,60.72798950548006
Female,M.Tech,CSE,8.16922927287015,9,6,2,0,54.39566932513897
Male,B.Tech,EE,6.166250451675562,7,4,1,0,26.491486982943723
Male,B.Tech,ECE,7.795805734118406,7,8,2,0,47.66114301240557
Male,M.Tech,EE,8.097866098196143,6,8,1,2,49.71415238870648
Female,B.Tech,ECE,8.86817884622552,4,5,1,2,39.14173571544059
Male,B.Tech,CSE,9.396648823882048,5,6,1,3,55.96385448348257
Male,B.Tech,ECE,6.281886969806558,8,6,3,0,40.782894517840866
Female,B.Tech,ECE,6.526970986547594,7,9,3,0,40.99004133648939
Male,M.Sc,CSE,5.99090656930246,7,4,1,0,25.270585301258222
Female,B.Tech,ME,7.2191761690716225,8,5,5,1,54.72815996030568
Female,B.Sc,CSE,8.0596300493356,10,4,4,1,57.21534119957645
Female,B.Tech,ME,8.684801419906922,4,9,0,1,49.34653127297743
Male,M.Tech,ME,7.408858771628973,7,7,5,1,57.83628573614864
Male,B.Sc,CSE,7.116182972094188,9,8,3,0,55.6533315400218
Male,M.Tech,CSE,7.682109590698489,8,4,3,0,44.93680674878291
Male,B.Tech,CE,6.497828518043972,6,8,4,1,37.04898530511756
Male,B.Tech,ECE,10.0,7,5,3,3,66.27232224693782
Male,B.Tech,CSE,5.57080676745833,8,7,4,1,49.14401415853008
Male,M.Sc,EE,7.721688694674869,4,5,1,2,37.22396193352773
Female,B.Sc,CSE,9.928327463075567,4,7,0,1,43.93385155538929
Male,M.Sc,ME,7.508159813471997,4,7,4,0,39.357656724874964
Female,B.Tech,EE,7.271953157998206,3,8,3,0,36.30274134591105
Male,B.Sc,CSE,7.071065492627487,9,5,2,1,44.02131614239442
Male,M.Sc,CSE,7.283529981885111,4,5,1,1,25.009317987371
Male,B.Tech,CSE,9.147418169611836,8,4,6,3,67.03540115147008
Female,B.Tech,CSE,5.0,10,5,5,0,39.312037927593785
Female,B.Sc,CSE,9.340120441555591,6,4,1,1,54.24768652092219
Female,M.Tech,ME,5.791251417059826,5,6,3,1,32.49505341075179
Female,B.Sc,CSE,7.180017204918702,5,6,1,2,39.93328436465183
Male,B.Tech,ECE,6.984906695641606,5,6,0,0,30.996626187805905
Female,B.Sc,EE,8.206263923724864,5,9,4,2,55.96322789631519
Male,B.Tech,CE,5.582250777739503,3,5,0,0,10.758829023572812
Male,B.Tech,ME,8.054607199298331,6,9,3,1,50.429366502348344
Female,B.Tech,CSE,9.929171547944224,6,5,2,3,63.39642894717895
Female,B.Sc,ME,5.864191194488628,3,4,0,0,16.36908863167791
Female,M.Tech,ECE,7.727647401132475,3,9,1,1,38.0592525420362
Female,M.Tech,ECE,6.7056213866440695,5,9,2,0,40.13668648870648
Female,B.Tech,CSE,8.011064647431644,7,9,2,1,55.583973614111635
Female,B.Sc,CE,7.522977332898902,8,7,4,2,62.55499234067049
Female,B.Tech,ECE,6.730215709146829,8,4,2,0,39.31493773098215
Female,B.Sc,CSE,8.085446741845288,7,6,3,0,46.32515772454083
Male,B.Tech,ECE,9.665217731744091,8,4,4,2,64.088661386162
Female,B.Tech,ECE,7.270915449927242,3,7,0,1,33.00374513648313
Female,B.Tech,CE,8.363709530577818,6,5,1,1,47.72478977330857
Male,B.Tech,ME,5.948072450554603,8,4,5,0,35.28778353138842
Female,B.Sc,CE,6.352276347818389,5,9,3,0,39.31922268983023
Male,M.Tech,CSE,8.066887533456454,7,6,5,2,54.70956041824438
Male,B.Tech,ECE,9.280939234243158,5,6,2,3,53.43018407604506
Female,B.Sc,ECE,7.926736018542792,4,5,2,2,43.09793498398693
Male,B.Tech,CSE,7.124330363372215,6,4,1,0,35.87361668741787
Male,M.Tech,CSE,7.499149686508025,4,7,3,1,39.29377406878881
Male,M.Sc,CE,5.999510719236339,6,5,5,0,36.07909380785335
Male,M.Tech,CSE,8.225418391626441,6,4,1,1,40.63315385328499
Female,B.Tech,ECE,8.55879967478809,8,8,4,0,69.13901812970997
Male,M.Sc,CSE,6.957491600600304,5,6,3,0,38.024468547382355
Female,M.Tech,CSE,6.935949422688598,4,7,4,0,35.43058509564655
Male,B.Tech,CSE,7.819053875582458,5,9,1,0,47.32526913660257
Male,B.Tech,EE,6.975936316751286,5,7,3,1,45.03911310866872
Male,B.Sc,CE,7.420640862449013,3,9,3,0,44.787746195153574
Male,M.Tech,EE,10.0,3,7,0,1,53.81953660308584
Female,M.Tech,ECE,7.203569159104804,4,6,1,0,34.011226269893875
Female,B.Sc,CSE,7.069991817574533,6,9,5,1,50.59261789633504
Male,B.Sc,ECE,6.722949833237809,7,4,5,0,41.39651536328057
Male,B.Tech,ECE,8.393030365799923,7,9,3,1,57.481956289979905
Female,B.Tech,CE,7.282530992138277,6,5,4,2,45.03947540684814
Male,B.Tech,CSE,6.720752354014289,10,4,5,1,56.04432454595151
Male,B.Sc,ECE,9.085564838727615,3,5,0,1,38.73777397539584
Male,B.Tech,CSE,9.203523605416365,8,7,6,2,73.57985167139125
Female,M.Tech,CSE,6.779491721113554,5,4,2,1,34.8176111021354
Female,B.Sc,ME,5.260152058367261,7,7,4,0,32.93161412750398
Female,B.Sc,ECE,8.709016427804306,3,8,0,2,38.32479077946121
Male,B.Tech,ECE,6.678444209087996,4,7,0,1,26.694009687806115
Male,B.Sc,ECE,8.448750718995322,8,7,4,0,56.856829655224004
Female,B.Tech,ECE,5.135875418745798,4,5,1,0,18.218236813278413
Female,B.Sc,CE,8.571116805959171,3,9,0,2,42.37068874261077
Female,B.Tech,CE,6.046593684863063,8,8,4,0,47.49986866051279
Female,B.Tech,EE,8.376916942879829,4,7,1,2,43.01177940736143
Male,B.Sc,CE,7.517127681403721,8,7,3,2,55.3180828474186
Female,B.Tech,CSE,6.355272696724026,5,8,2,0,35.262159000107594
Male,B.Tech,ME,7.011556424487863,3,8,0,0,34.494860044511555
Female,B.Sc,ECE,8.323582148348041,8,4,6,0,53.46021455923188
Male,B.Sc,CSE,7.627073343738281,7,5,3,0,51.72103066922713
Female,M.Tech,CE,8.20129557656698,6,8,2,1,48.980279456738636
Female,M.Tech,CSE,9.871728701418583,4,8,0,2,49.21020153742907
Female,M.Tech,EE,5.622910065946739,4,6,0,0,19.753382091067486
Female,B.Tech,ECE,9.440655089962348,5,9,4,1,70.80879243012896
Male,B.Tech,ME,7.625227125027855,5,8,2,0,45.214756233000784
Female,B.Tech,ME,6.421459142012246,5,5,1,0,30.11542494017504
Male,M.Sc,CE,5.903623649113213,7,9,2,0,41.807302479603834
Male,M.Tech,ME,7.27305553106756,7,9,1,1,45.32955279289843
Male,B.Tech,ME,8.605980134309352,8,7,6,2,68.05845837939813
Male,B.Tech,CSE,7.346941055546959,9,7,2,1,52.311375456455345
Female,M.Sc,ECE,9.313385916296816,3,7,0,3,52.86307129926968
Male,B.Tech,CSE,5.758589171938129,10,7,7,0,53.22547188186881
Male,M.Tech,ME,7.485493262584734,4,6,2,1,36.44479660844284
Male,M.Tech,ECE,5.997127866704258,6,8,2,0,32.043924563673734
Female,M.Tech,ME,7.936358259149961,3,7,1,0,35.593748571082166
Female,B.Tech,CSE,8.56426486811676,4,4,3,0,41.5977780425904
Female,B.Sc,CSE,6.995085847582736,6,7,4,0,40.25463940996375
Female,M.Sc,ME,5.0,8,8,5,0,42.47060192329283
Male,M.Tech,CSE,7.738737776155793,7,7,5,0,53.798631894985995
Male,M.Tech,CSE,8.02408626208021,6,6,1,2,49.407077074354774
Female,M.Sc,CSE,7.985153705954037,5,5,2,1,45.32580436720771
Male,B.Sc,EE,8.982938630186585,5,5,1,0,43.95824743974013
Male,B.Tech,ME,6.214735584421142,4,8,3,0,30.179318854130564
Male,M.Tech,ECE,8.31625932654054,5,5,2,2,43.18346899538709
Female,M.Tech,CSE,8.93100901497357,7,5,4,0,60.20577041241202
Female,B.Tech,CSE,5.36569489919218,5,4,3,1,26.80174868563187
Male,B.Sc,CE,7.883582191102772,4,8,1,0,44.53995448526981
Female,M.Sc,ME,6.894984202790794,8,8,6,1,57.976830783317574
Female,M.Sc,CSE,7.402172792278025,4,5,0,0,31.674243665203495
Female,B.Tech,CSE,7.917211780246004,7,5,5,1,55.65277486352383
Female,B.Tech,CSE,6.915325723063737,5,5,2,0,29.600315672931927
Female,M.Sc,ME,6.689150305006066,4,9,4,0,40.72242074704065
Male,B.Sc,CE,7.54098290098563,6,6,3,0,39.75712292404982
Female,B.Tech,CSE,6.195304873364637,8,7,4,0,43.761536640999864
Male,M.Sc,CSE,6.197009845337778,8,6,2,1,42.8803457581736
Male,B.Sc,CSE,8.315247939547804,6,8,2,2,50.37104152124503
Female,M.Tech,EE,6.121447157809612,8,4,2,1,38.851139364885135
Male,M.Tech,CSE,8.299575001091053,4,7,4,0,41.63567638348215
Male,B.Tech,CE,8.055109551424742,4,4,2,0,39.09395011376649
Male,B.Tech,ME,5.429031925451284,5,9,3,0,31.025324450836102
Female,B.Tech,ECE,6.686922417197214,5,8,3,0,35.8179600083047
Female,B.Sc,CSE,8.932931283656847,7,9,3,1,57.291519953967835
Male,B.Tech,CSE,6.322601362632382,9,8,2,0,44.0864355661702
Female,B.Tech,ME,6.942714885228735,6,4,2,1,30.822342779390898
Female,B.Tech,CE,8.054473071902276,6,4,1,2,41.570529902977555
Female,M.Tech,ME,8.440068611139115,7,4,3,2,55.6055394095006
Female,M.Sc,ECE,7.198153336746605,8,8,4,0,51.73389633237124
Male,B.Tech,CSE,6.78298776637003,7,5,2,1,36.49870408383359
Male,B.Tech,EE,9.206843834038208,3,4,3,1,44.47540850949123
Female,B.Sc,CE,9.586679596557094,7,9,5,2,71.93376490696727
Female,B.Tech,CSE,8.674629660938155,3,7,0,2,47.47316340894163
Male,B.Tech,EE,7.602381771078029,6,8,5,1,55.542009237644955
Male,B.Tech,ME,6.530081134030889,7,9,4,1,50.09728118570387
Female,B.Tech,ECE,6.503466712132122,7,6,5,0,46.73599991787137
Male,B.Tech,ME,8.127016926318909,4,6,4,0,43.02562502003994
Female,B.Tech,CE,8.00207786506642,6,7,5,0,51.675116536568815
Female,B.Tech,ME,9.181918311535716,6,5,4,1,60.62388633506455
Male,M.Sc,CSE,8.280540111043367,9,4,6,2,57.998725808033676
Male,B.Tech,CSE,5.696303637888219,9,8,5,0,50.970547255641016
Female,M.Tech,EE,8.762337141267501,6,9,2,0,53.4638706427639
Female,M.Tech,CSE,6.3023272472227045,8,4,2,1,37.38393966402061
Male,B.Tech,ECE,7.039234473657178,8,9,3,1,51.35449681863971
Female,M.Tech,ECE,7.800240247502034,8,8,2,0,52.37357465781589
Male,B.Tech,ECE,9.894800987740757,4,6,1,2,51.90488419359721
Female,M.Sc,ME,10.0,7,4,1,1,54.422559506485776
Male,B.Tech,EE,8.22806767096342,6,7,1,1,45.149321679319456
Male,B.Tech,CSE,7.280164057535535,6,5,3,1,36.520548543415956
Male,B.Tech,CSE,8.14140677817666,9,7,2,0,52.89925165822717
Female,M.Sc,CSE,8.565186511048603,8,5,2,2,53.96534473861982
Female,M.Tech,CE,7.11519884933137,7,9,3,1,51.144886312488744
Male,M.Tech,ME,9.654253627094786,5,4,4,1,59.925890527724334
Female,B.Tech,CSE,7.776084911029683,8,4,6,1,53.253085330082286
Male,B.Sc,CE,8.097291706909672,8,5,4,1,51.62366879132764
Male,B.Tech,CE,8.299109102465353,6,6,4,2,51.87338856310506
Female,B.Sc,CE,8.005903932737347,5,8,0,1,43.2732356770082
Female,B.Tech,EE,8.506728600563534,7,7,1,1,53.472944649436684
Male,B.Tech,CSE,6.7592961761436925,4,9,2,0,38.40747936273745
Female,B.Tech,CE,6.830037895264764,7,7,3,0,46.13001803295805
Female,B.Tech,ECE,6.179814920433966,7,7,4,1,46.65324795210638
Male,M.Tech,CE,8.027401476744272,5,9,4,1,51.77220239249057
Male,B.Tech,ME,8.434723804214537,6,9,2,1,59.98998559873307
Female,B.Sc,CE,8.049327439382264,7,4,5,1,50.89832573948395
Male,B.Tech,ME,9.509390920017044,6,7,1,3,59.273256138013885
Male,M.Tech,CSE,7.493284777405144,5,8,2,1,47.624967657526724
Female,B.Tech,ECE,8.302489986711015,8,8,5,0,62.62532611534049
Male,B.Tech,EE,6.189958948632823,6,5,5,1,32.972769015284285
Male,M.Tech,EE,7.0354803570307185,4,9,3,0,39.89645629974154
Female,B.Tech,CSE,8.334645309078933,9,4,6,0,61.81598834495527
Female,B.Tech,CSE,8.518922532891773,6,8,1,2,48.63867991431753
Male,B.Sc,CSE,7.147239662802981,7,6,2,0,44.13551636220484
Male,M.Sc,ME,7.41408089777032,8,4,5,1,52.09939165110672
Female,B.Tech,CE,5.678551503983028,6,4,4,1,36.51195936434118
Female,B.Tech,CSE,7.071564959032068,10,8,4,0,55.02026245384316
Female,M.Tech,ECE,8.568459796223744,7,6,4,1,59.3984390241102
Female,B.Tech,CE,8.19024601932788,5,5,3,1,45.39807863594754
Male,B.Tech,ME,8.10079886565745,4,8,4,0,51.90294410610157
Female,B.Tech,ECE,7.559728424617152,7,6,5,1,60.7165203611429
Female,B.Sc,ECE,7.5084757903538115,5,4,1,2,41.77695717039164
Male,M.Tech,ECE,6.707614632631864,8,6,2,0,43.46502160789363
Female,B.Tech,CSE,8.338594104243041,10,4,6,1,70.99457661364366
Male,B.Tech,ECE,8.005167533267267,7,8,1,1,52.174772657940885
Female,B.Tech,ME,8.09042261759136,6,9,2,0,47.04092078720254
Female,M.Tech,CE,6.868758188798903,8,8,3,0,48.2058403230498
Female,B.Tech,ME,5.0,6,7,5,0,36.1739054477739
Male,B.Tech,CE,8.816583254104435,6,7,4,0,57.266250880375694
Male,B.Sc,CSE,6.925395052789915,8,7,4,1,47.62102009176095
Female,B.Tech,ECE,6.464669083148255,3,8,0,0,22.72963986173274
Male,M.Tech,CSE,8.332174694296793,7,5,4,2,54.30245196048454
Male,B.Tech,CSE,7.029584832097044,6,8,1,2,45.3366953885064
Male,B.Tech,ME,8.771923660855947,8,9,6,0,69.3970073925532
Male,B.Tech,EE,8.240407139492037,8,6,2,2,55.64413598704443
Male,B.Sc,CSE,8.320283187840573,7,8,2,0,49.751746259823825
Male,B.Sc,ECE,5.860853146559359,3,8,0,0,27.59816993063628
Female,B.Sc,CE,8.95433278246368,6,4,1,1,43.398711398141856
Female,B.Tech,CSE,7.813500637480627,5,4,1,0,38.89913717055615
Male,M.Tech,ECE,7.056867432904556,6,4,4,1,43.446563336667325
Female,B.Tech,ME,7.672066160810702,4,8,1,2,45.873393876479405
Female,B.Tech,ME,5.368517720522016,4,5,4,0,23.877806444363348
Female,B.Sc,CSE,7.990383373776805,8,6,5,2,59.292115426170994
Female,B.Tech,ECE,6.264754190181514,6,6,3,0,35.97587503515444
Male,B.Tech,CE,5.876795656987759,8,9,3,1,44.609358437899786
Female,B.Tech,ECE,5.6731689765385305,5,5,1,1,26.492566997494258
Female,B.Tech,CSE,8.83522604998791,8,5,6,0,65.85973577925219
Male,B.Tech,CE,6.744883927568654,8,6,6,1,48.356579801685776
Male,M.Tech,CSE,9.340473251899798,4,7,0,1,44.404537720098844
Female,B.Tech,ME,6.857038244337243,6,4,1,0,29.733882398793575
Female,B.Sc,CSE,5.451170450888464,8,4,2,0,30.868212363367082
Female,B.Sc,EE,6.160170672061609,6,6,5,0,38.77666744765526
Female,B.Tech,ECE,8.982973944008327,4,5,0,2,45.21478741737208
Female,B.Tech,CSE,7.312922186475999,7,9,1,1,47.97870242762013
Female,B.Tech,CSE,6.842055244211279,4,7,2,0,34.294314628758904
Male,M.Tech,CSE,7.6920218710233454,3,6,0,1,33.236364251564964
Female,B.Tech,CE,8.102139283401055,4,4,1,1,36.6823812173571
Female,M.Tech,EE,8.840878579082952,6,8,5,2,64.71076621442604
Male,B.Tech,ECE,9.238199075871512,5,5,3,1,50.84000208660861
Male,M.Tech,ECE,7.068277625053097,4,8,2,2,45.34877093854358
Male,B.Tech,ME,5.908742776701554,8,9,6,0,57.85509397814348
Male,B.Tech,CE,7.003841806652069,5,6,4,1,43.586188208658065
Female,M.Sc,ECE,7.812336607899463,3,4,0,0,28.113548694079515
Female,B.Sc,ECE,6.343489288547267,7,7,1,0,38.60134932590199
Female,B.Tech,ECE,6.351418902125949,7,8,2,0,37.13874748843809
Female,B.Sc,ME,7.912545457859863,5,7,0,1,41.126700260666524
Female,B.Tech,CSE,7.441617178115458,7,9,1,0,44.455729247846925
Female,B.Sc,ME,7.539356394493904,4,4,4,2,42.09940245201774
Male,B.Sc,ECE,6.589805598359916,5,8,0,0,30.137533444005836
Female,B.Tech,CE,7.223519142953079,6,9,3,1,47.529004743864014
Male,B.Tech,CSE,6.390920226878035,4,7,2,1,27.06294197803239
Male,B.Tech,ECE,8.568238093349745,4,7,2,1,42.2230248235888
Female,M.Tech,ECE,8.742299201668503,4,8,4,1,53.518416618819145
Male,M.Tech,ME,5.284574565314287,6,4,2,1,23.98979804581932
Female,B.Tech,CSE,6.384586967769108,4,7,3,0,35.83217709130471
Male,B.Tech,ECE,5.704164893891905,8,6,2,0,33.141099875889275
Female,B.Sc,ECE,6.719971278711722,7,9,4,0,49.67959117612765
Male,M.Sc,ECE,7.399874436251567,5,8,1,1,38.89139750837192
Female,M.Tech,ME,5.760425736361764,3,5,0,0,17.941185965493386
Female,B.Tech,ME,6.393768224249625,5,5,4,0,29.536025135990105
Female,B.Tech,CE,6.2952511535022015,7,4,3,0,34.07862466079119
Female,B.Tech,CSE,7.748720795278733,6,6,3,1,44.17590713803142
Female,M.Sc,CE,7.5832132044435,4,7,1,1,40.48231028592127
Male,B.Tech,ECE,6.633914935995296,4,5,4,0,34.19027700933439
Male,M.Tech,CSE,7.712185046567278,6,4,5,0,41.464271004446104
Male,B.Tech,CSE,6.843983898495281,4,9,0,0,32.121027847775714
Female,M.Tech,CSE,7.174013867608736,5,6,2,0,34.17157412192835
Male,M.Tech,CE,9.508142508358244,5,6,1,3,57.34407107619953
Female,B.Sc,ME,9.108553262148417,6,4,4,1,57.35478090474121
Female,B.Tech,CE,5.940502515686883,3,4,1,0,13.873635210144414
Male,B.Tech,ECE,8.49567890145501,6,7,1,1,51.34307122076339
Male,B.Tech,ECE,8.473675865389911,7,4,5,0,50.038833651233006
Female,M.Sc,CSE,6.122084053496858,4,7,1,0,26.30708733615652
Male,B.Sc,CSE,8.482533172505832,5,7,2,2,50.10307283332898
Female,M.Tech,ECE,9.345518302095064,4,8,3,3,63.5229283032368
Female,M.Tech,CSE,6.152946232506704,7,6,1,0,30.906128213947568
Female,M.Tech,CSE,6.398996614782884,6,9,1,1,42.12045107884943
Female,B.Tech,ECE,8.721193760212202,5,6,2,2,46.2570937812088
Female,M.Sc,ME,7.825794372990778,4,6,3,0,35.89965215008913
Male,B.Tech,EE,8.161771530287428,5,8,0,2,45.83379730475982
Male,B.Tech,EE,7.908707059680596,4,7,1,0,37.85076416438608
Female,M.Tech,ME,7.968835105113773,5,7,0,1,32.42716678638599
Female,B.Tech,ECE,5.908233446026701,5,4,3,0,31.039300655397806
Male,B.Tech,ME,8.756781247945739,7,8,5,1,56.456678447715205
Male,B.Sc,CE,8.903507990913328,5,4,4,1,49.09434674825117
Female,B.Tech,CSE,7.224731107118367,6,8,3,1,50.88678855308168
Male,M.Tech,ECE,7.447827660223365,5,4,3,1,45.42562897251734
Female,B.Tech,CE,5.662670996933134,4,5,0,0,17.886876390533068
Male,B.Tech,ECE,8.117105707221402,5,6,0,0,33.848231436921594
Female,B.Tech,ECE,8.186468930056973,3,6,3,1,44.879347146534606
Male,B.Tech,ECE,7.425370779600827,8,9,6,2,65.92547210574352
Female,B.Sc,CSE,8.849224031844603,5,7,1,2,48.73947843344331
Male,B.Tech,ECE,7.0991073228240715,3,9,3,1,37.6363204512057
Male,M.Tech,CSE,8.17752711107232,5,5,1,2,40.690763953233414
Female,B.Tech,CSE,6.276402793569462,6,9,1,0,35.84687937643509
Male,M.Tech,CSE,7.471737418950914,10,6,4,0,57.111962274243716
Female,M.Sc,CE,7.290774890516597,8,7,3,1,49.49105003933371
Male,B.Sc,CSE,7.77036950644913,7,5,3,1,46.63680954534139
Female,B.Tech,ECE,7.05656768539997,8,6,6,1,56.04102094840931
Male,B.Tech,CSE,7.342232885193999,7,4,2,2,39.272821554654044
Female,B.Tech,EE,8.491256605729808,3,8,0,2,41.04195469686033
Male,M.Tech,CSE,6.9758829153141395,7,5,4,0,38.160807767920865
Female,B.Tech,ECE,5.572107479113585,4,7,1,1,26.09121562807355
Male,B.Tech,CE,9.599500685046504,6,9,5,1,61.00101010807562
Female,M.Tech,CE,9.157744894428584,4,9,2,3,59.28316641371745
Female,B.Tech,CSE,5.949284765873258,3,5,0,0,13.974018630085753
Female,B.Sc,CE,8.327649366294233,7,7,3,1,49.31482716834769
Male,B.Tech,ECE,6.896430275338388,3,5,2,1,28.509963986547703
Female,B.Tech,ECE,7.816184658397272,8,7,3,0,57.47487426985922
Male,B.Sc,CSE,7.853068954816193,6,9,2,2,54.47421331138412
Female,B.Tech,CSE,7.218710639620413,7,6,5,1,44.545321521360584
Male,M.Tech,ME,6.559481201296324,8,4,3,0,35.771955849288766
Female,B.Tech,ECE,6.6713507372204885,7,6,1,1,37.84130330358582
Male,B.Tech,ECE,6.400569701422509,8,4,5,1,51.56292213829209
Male,B.Sc,ME,6.5018133501234665,3,9,1,0,27.082906545723088
Female,B.Sc,CE,7.419386051940774,6,6,4,1,43.94588280275729
Male,M.Tech,CSE,6.6410880130670975,6,6,2,0,40.65103846126535
Male,B.Tech,ME,8.318462478855144,5,5,2,2,46.273274266695765
Female,M.Tech,CSE,9.284695386403113,6,8,5,3,70.42272795587046
Male,B.Tech,CE,6.803936110355949,3,9,2,0,31.53120693049669
Male,B.Tech,ME,7.787285400642452,4,7,2,1,40.75213819400089
Male,M.Sc,EE,8.099622132363521,4,9,2,0,48.21129504741253
Female,B.Tech,CSE,8.06640272510313,4,7,2,2,44.29722705374472
Male,M.Sc,CSE,7.591146321499305,5,7,0,2,44.02714863268632
Female,B.Tech,CSE,8.391218902031667,8,4,5,0,55.95355975793804
Male,B.Tech,CSE,8.078698743216789,4,7,2,0,37.68663855737731
Male,M.Tech,CSE,6.014805093207243,7,7,4,0,40.70654558887205
Male,B.Sc,EE,8.542987277267128,4,5,2,1,45.202075640427864
Female,B.Sc,CSE,8.56474900472009,3,6,3,0,43.285631490770086
Male,B.Sc,CSE,6.584056674985702,5,9,4,0,41.828025799096174
Male,M.Tech,CE,7.545525402537122,3,9,3,2,38.486898137197116
Female,M.Tech,ECE,8.319994791373283,4,7,1,0,34.865327637343874
Male,B.Sc,CE,7.2488234165047665,6,8,3,0,40.29857928570281
Female,B.Tech,CSE,8.787573657319214,6,9,2,2,56.41633754583786
Female,B.Tech,ECE,10.0,4,7,3,1,55.20197971225298
Male,B.Tech,CSE,6.5568167608380215,5,4,1,0,23.025777472857175
Female,M.Sc,CSE,5.842746476215471,5,4,3,0,30.23512834949198
Male,M.Sc,EE,7.864582314725851,6,4,4,2,44.28507554558237
Female,B.Tech,CSE,8.365875006151372,6,7,4,0,47.9724617995961
Female,B.Sc,ECE,7.222960351386277,8,5,3,1,47.713580481086616
Male,M.Sc,ECE,9.243912795985242,5,8,2,2,59.162969913668924
Female,B.Tech,CSE,5.893673040332102,6,7,2,0,39.415490990321004
Female,M.Tech,CE,8.331502347637933,3,5,1,1,37.95887147155935
Female,M.Sc,CSE,6.772967015089328,10,5,5,0,57.04395791337349
Female,B.Tech,ME,9.563253487448756,4,9,3,1,53.41001763617952
Female,M.Tech,EE,9.891018423801743,7,7,2,1,68.49199499146012
Male,B.Tech,ECE,6.580012094659983,6,7,3,0,33.78450810518231
Female,M.Sc,EE,6.8405314369097034,7,5,5,0,42.865004193128506
Male,M.Sc,CSE,8.531505464375762,8,5,4,2,60.98210145610201
Female,M.Sc,ECE,7.035443220252582,6,5,5,2,41.95256382998323
Male,B.Tech,CSE,7.445506538481314,8,9,3,1,52.66966673288965
Male,B.Sc,ME,7.530466104650892,7,7,2,1,44.591695706703106
Female,B.Sc,EE,5.196392212562813,4,5,1,1,19.247690253627677
Female,B.Tech,CSE,7.483394704686916,9,4,4,2,58.38733902036174
Female,B.Sc,ME,6.672326671122992,8,7,2,0,43.528879670045825
Male,B.Tech,CSE,6.908252613120274,8,9,4,0,50.83810162379736
Female,M.Tech,ECE,9.232358404162577,4,4,2,1,36.07451065677419
Male,B.Tech,ECE,5.992191726864893,8,6,5,0,45.13119375348287
Male,B.Tech,EE,8.475846224097573,4,7,3,2,51.5584569048533
Male,B.Tech,ME,7.16524448360183,4,6,2,1,30.558074264847015
Female,M.Tech,CSE,7.164287797804999,8,5,6,2,54.89592081877354
Female,B.Tech,CSE,8.448446275262054,8,9,5,0,64.04748000034624
Male,B.Sc,CSE,7.908061553482669,8,5,4,0,54.45328570391822
Male,B.Tech,CSE,8.184735596663437,7,9,1,2,52.9341082052442
Female,B.Tech,CSE,8.661821592639434,8,8,6,0,62.45595958369333
Male,M.Tech,CE,7.102429940180013,6,5,2,1,37.80064330123055
Female,B.Sc,ECE,6.7653159185907,8,6,4,1,52.222984447654134
Male,B.Tech,ECE,6.197819368130642,8,9,4,0,51.09623031307964
Female,M.Tech,CSE,6.509507364025254,8,5,6,0,47.10411938874539
Male,B.Sc,CE,10.0,6,7,4,1,66.94821847045375
Female,M.Tech,ME,8.993615496884145,3,9,2,1,41.74450824963728
Male,B.Tech,CSE,5.878710760550375,4,9,3,1,37.313893848249485
Female,B.Tech,ME,5.913050451907716,7,5,2,0,29.455337556338087
Female,B.Sc,ECE,8.07823927406219,6,8,5,1,61.326064683116286
Male,B.Tech,CSE,8.15671775685356,6,5,5,1,48.30312796087724
Male,B.Sc,ECE,8.158660602380838,4,6,3,1,41.06034378525076
Female,M.Tech,ECE,7.194053047735562,8,6,5,1,54.62936725458469
Male,M.Sc,CSE,7.34945488799652,5,9,0,0,40.51803617676667
Female,B.Sc,EE,7.893455428991229,7,9,1,2,52.02173633764583
Male,M.Sc,CE,7.603071607551996,5,5,2,0,38.510419526358845
Female,B.Tech,ME,5.0,5,6,2,1,26.930583890429904
Female,B.Sc,ECE,7.224240443309768,7,6,5,2,53.524786628032714
Female,B.Tech,ECE,6.478312278887624,6,8,5,1,45.21176447620611
Female,B.Tech,ME,7.710253702690214,7,7,2,2,52.44382195506503
Female,M.Tech,ECE,10.0,5,8,1,3,64.99688899282725
Female,B.Sc,CSE,7.940977998569165,10,4,3,1,51.969402553758506
Male,M.Sc,ECE,7.1237643765931224,8,8,4,0,49.33351726404443
Male,B.Sc,CE,8.606161802372704,8,5,2,0,51.82984882242907
Male,B.Tech,ECE,8.079225464651055,6,7,1,1,43.19556955479112
Female,B.Tech,CSE,8.00411338854221,4,5,2,2,35.61446912857148
Female,B.Sc,CE,8.228220711858805,7,4,2,0,48.31535986546536
Female,B.Tech,CSE,9.96785227779545,9,7,4,2,67.34297109091617
Female,B.Tech,CSE,6.142933877608901,7,9,4,0,43.6504551730804
Male,B.Tech,CSE,8.068358492173745,10,6,6,0,66.02031724565181
Male,B.Tech,CSE,6.3883426440221545,6,8,4,0,42.685710788194704
Female,B.Tech,CE,8.166615175610698,3,5,3,2,40.06016517794954
Male,B.Tech,ECE,6.397576186216687,3,4,0,1,17.648693943250805
Male,B.Tech,CSE,6.9991598236738986,8,6,3,0,46.80434015926498
Female,B.Tech,CE,7.145892102914512,6,8,5,2,49.465724857642016
Male,M.Sc,CE,8.670980063213651,4,6,0,1,41.49034480490336
Female,B.Tech,CE,8.602145332730897,7,8,4,2,62.368958274423
Male,B.Tech,CSE,6.005139148264338,9,9,5,1,54.039489172306986
Female,M.Tech,ECE,7.565920933199818,5,7,0,1,36.585680432771774
Female,B.Tech,EE,6.648504174300993,6,6,3,1,46.21827459603255
Female,M.Sc,CE,5.989794107189598,5,6,2,0,30.457828989193157
Female,B.Sc,CSE,7.239579539490755,9,6,3,2,53.15690601984114
Male,B.Tech,CSE,7.129820653853017,7,7,5,0,50.23840230897017
Female,B.Tech,ECE,10.0,3,4,0,3,44.23217062378262
Female,B.Sc,EE,8.019551790432836,7,8,3,0,51.29173058049662
Female,M.Sc,ECE,5.846858999094915,5,9,0,0,36.70135823537248
Male,B.Tech,ECE,6.822271194994869,3,6,0,0,22.520373639531176
Female,M.Tech,CSE,8.725659954515278,8,7,5,0,61.565086070742865
Male,B.Tech,ME,10.0,5,4,3,1,52.74279656186181
Female,M.Sc,CE,5.59682002531445,8,8,2,0,35.57312943452348
Male,B.Tech,ECE,5.244090737833146,8,7,4,0,40.17224384210274
Male,M.Sc,CE,9.745158210446139,8,9,5,2,75.35814357041724
Female,M.Tech,EE,7.967537012845085,7,9,4,0,58.538304004070284
Male,M.Tech,CSE,6.45804872174836,6,8,5,1,48.73558164703574
Female,M.Tech,ECE,8.141554903346922,6,6,2,1,49.77367479942974
Female,B.Tech,CSE,5.0,5,9,2,1,27.689834325891464
Female,B.Tech,CE,7.504050607916593,7,4,2,2,46.61385271177551
Male,B.Tech,ECE,7.893385407411702,3,7,1,0,36.91168251889605
Male,B.Tech,ME,8.609124167445396,7,4,4,0,48.25822267671847
Female,B.Sc,CE,6.283324857248955,8,6,6,0,46.52187819458979
Female,B.Tech,ECE,7.602824593684031,3,4,0,1,23.804166828222836
Male,B.Tech,EE,6.389490448728496,8,4,5,0,44.79025503395627
Female,M.Sc,ECE,7.806460506809181,4,5,2,1,39.833830449187005
Female,B.Sc,CSE,6.425584413164371,9,4,3,0,46.06681709856351
Female,M.Sc,ME,7.010278993007735,7,8,2,1,45.708611767936716
Male,M.Sc,CE,6.305021526251725,6,7,4,0,41.07342680609063
Male,B.Tech,CSE,8.281363490188388,7,5,2,0,49.984719577539586
Male,B.Tech,CE,8.530141339987999,3,7,3,1,42.47472900981948
Female,B.Sc,EE,7.218455316051103,3,7,3,0,32.148392027909075
Female,M.Tech,CSE,7.545885593952034,7,6,4,0,46.10665796048371
Female,B.Tech,EE,5.761690302439747,6,6,3,0,31.744477632245033
Male,B.Sc,CSE,7.140388022391855,6,5,4,0,38.78622062296822
Female,B.Tech,CSE,7.439754459549906,10,9,7,2,68.9323769607491
Female,B.Tech,CSE,10.0,5,6,0,1,54.087189951544175
Female,M.Tech,CE,6.165639569071004,7,6,1,0,33.70479751994315
Female,M.Tech,ME,9.257012686502925,8,6,3,2,64.23994901777364
Male,M.Tech,CSE,8.696230528158969,6,7,2,1,50.41412169348698
Male,B.Tech,ECE,7.8367636853881635,5,5,0,0,32.94926360255973
Female,B.Sc,ME,9.610344581034159,6,7,5,2,66.40762404371503
Male,B.Tech,CSE,7.9465265671282355,10,8,4,2,66.7240130534463
Male,B.Tech,CE,7.966991034801515,5,7,3,2,51.2470173548444
Female,B.Sc,CE,7.436255216378946,3,8,2,1,41.744532514507874
Female,M.Sc,ECE,8.968282658902353,4,4,4,0,43.06879267391824
Male,B.Sc,EE,8.81576308057306,7,4,2,2,55.14479876339637
Female,B.Sc,ECE,6.749187255004545,3,8,2,1,30.477927249170005
Male,M.Tech,EE,5.916903366481479,3,8,0,0,28.944978469520947
Female,M.Tech,ME,7.256423235125212,4,7,1,1,33.51296058466962
Male,B.Tech,ME,6.539953722722824,7,8,4,1,49.64494737894055
Female,B.Tech,CSE,7.423770510461574,7,5,1,0,36.614235379868774
Male,B.Tech,CE,8.984925761620968,8,4,5,0,57.89772635572986
Male,B.Tech,ECE,6.951238013895852,7,4,5,1,50.01129417650232
Male,B.Sc,CSE,7.44861194242611,5,9,2,1,42.683003643042895
Female,B.Tech,CSE,7.5696272817700745,3,8,2,2,47.25254441650134
Male,B.Tech,ECE,8.518117058646341,5,6,1,0,42.53732000499535
Male,B.Tech,ECE,5.0,6,6,2,1,31.149359836170223
Female,M.Tech,ME,6.771959646281644,5,8,3,0,40.618369375978446
Female,B.Tech,CE,7.7535404307353675,7,5,3,0,47.225696114534635
Male,B.Sc,CSE,8.940094747712234,5,6,3,1,46.80667177928853
Male,B.Tech,ME,6.909717062992554,6,9,3,1,45.26196622124341
Female,B.Tech,CSE,5.248136752749751,8,8,4,1,46.18786101506073
Female,M.Tech,CE,8.243653735159363,6,5,5,1,50.98451436120175
Female,B.Sc,CE,6.737565133409245,7,5,2,1,40.175220381942246
Female,B.Tech,ECE,6.072400009091567,6,7,2,0,29.681022558330838
Female,M.Tech,ME,6.750785532344131,3,5,1,1,25.114204593284782
Male,M.Tech,CSE,7.278569570812981,7,6,2,1,48.040535317772274
Female,B.Tech,ECE,6.774306402554145,5,6,0,0,26.242394563988494
Male,B.Sc,CE,5.0,8,8,4,0,41.262348222099604
Male,B.Sc,ECE,8.57647943626456,5,8,1,0,46.7699888111201
Male,M.Tech,ECE,9.029850049534467,8,5,2,2,57.58234495024838
Female,B.Sc,ECE,8.281826389607406,5,9,4,2,55.29562915512286
Male,B.Sc,CE,6.13477719549022,7,4,2,1,33.00224074537403
Male,B.Sc,CSE,7.258210159262979,5,7,0,2,37.4544591505181
Female,B.Sc,CSE,7.49217442172465,9,4,5,1,56.9644894270036
Male,M.Tech,ME,8.218553267474292,7,5,4,1,51.34852149544476
Male,M.Tech,CE,8.302008586461698,6,5,1,1,49.79037804090267
Female,M.Tech,CSE,6.6189914414658055,4,4,2,0,27.945879491257806
Male,B.Sc,CSE,7.598394667696272,8,7,4,0,51.30602666353725
Male,B.Tech,CSE,8.048736485538289,8,4,3,1,53.65696121513103
Male,B.Sc,CSE,9.24698678657612,6,8,4,3,66.90916410424201
Female,B.Sc,ECE,8.345407847789668,7,6,3,0,46.10991776605503
Female,B.Tech,ME,8.446868024850623,7,9,3,2,57.57779407805113
Female,B.Sc,ME,7.6005919535152335,8,8,5,1,58.368401928595276
Male,B.Tech,ME,9.192550974244204,5,6,4,1,49.84892648664907
Male,B.Tech,ECE,7.991715355151397,5,9,2,1,54.66632628126767
Female,B.Sc,CE,6.466694507791716,6,9,1,0,40.48908581509055
Male,B.Tech,ECE,9.184043964150229,4,9,1,3,54.730931910458665
Male,B.Sc,EE,8.337483927046833,4,5,2,1,39.99678390144121
Female,B.Sc,ME,6.968347174645821,5,9,2,0,38.45553652924237
Female,M.Tech,CSE,6.924608439120908,6,7,5,0,39.544443049701606
Male,B.Tech,ME,7.855890654168914,5,4,0,0,28.047834081187705
Male,B.Tech,CSE,8.055821754321101,9,7,3,1,64.26051494195166
Male,M.Tech,ME,7.736750718757448,6,4,3,0,46.03019211913133
Female,M.Sc,CSE,7.873570408131462,3,8,0,1,34.736311406238876
Female,M.Tech,CSE,9.539948849491656,7,8,4,1,68.29702389883063
Female,B.Tech,CE,8.785851782681863,5,4,2,2,48.34548413219339
Female,M.Tech,CSE,7.728762709518029,7,7,3,0,50.912106793721364
Male,M.Tech,CE,8.62957269692098,6,4,4,2,48.39079177691265
Female,B.Sc,CSE,6.260971315766953,10,9,7,0,54.474627460344564
Female,B.Tech,ME,7.977512459936171,5,5,2,0,43.19063561460447
Female,B.Sc,ME,9.671167619679732,4,8,1,2,48.0891108089679
Female,M.Tech,ECE,7.238344925529152,4,5,0,0,27.985488929027365
Female,M.Sc,CSE,6.482839285657098,5,9,1,0,34.23837317973367
Male,B.Tech,CSE,6.717493333688327,5,9,4,1,43.36895156154518
Male,M.Tech,CSE,6.1924403551891345,10,8,3,0,50.76466126467344
Female,M.Sc,CSE,6.558285710246756,6,8,2,0,36.872492527700736
Male,B.Tech,ME,7.055390281691965,5,9,1,2,43.96399252199138
Female,M.Sc,EE,5.81331957698563,5,6,3,0,30.747828150431804
Female,M.Tech,CE,7.518742000739524,8,5,6,1,61.51976017769954
Male,B.Tech,CE,8.582732608543976,8,5,5,1,55.45127858692057
Male,B.Tech,CE,6.410692583823696,6,6,1,0,32.774184676878875
Female,B.Sc,ME,9.323140708370122,8,7,5,3,72.67732399429846
Female,B.Tech,CSE,8.112950506233114,3,5,3,0,36.13071759302401
Female,M.Tech,EE,8.73669670274887,4,4,2,1,37.74228822616303
Male,B.Tech,ME,6.710598535377436,6,9,3,1,49.25712177645242
Female,M.Tech,ECE,8.52543027247994,3,9,0,1,43.05227351420068
Female,B.Tech,CSE,6.189679319525625,6,6,3,0,31.55960800059619
Female,B.Sc,ECE,8.56829700100381,5,5,3,2,50.50356367147541
Male,M.Sc,ECE,7.706207207752238,6,7,1,2,51.23083034556089
Female,M.Sc,CE,8.163901463981741,8,5,6,0,56.9855720947538
Female,B.Sc,ECE,6.089286473250178,5,9,0,1,32.97352527553383
Male,B.Tech,ECE,6.425916189268074,7,8,1,0,43.592845562071744
Female,B.Sc,EE,8.216673861904061,6,4,2,2,43.2777801150595
Female,B.Tech,CSE,6.361982394930959,3,6,0,1,29.24343938633669
Male,B.Tech,ECE,8.055847550518948,6,8,1,0,48.80937406977395
Female,B.Tech,CSE,5.859434632247705,4,7,2,0,24.717284234879518
Male,B.Tech,ME,8.5178090552,8,8,3,2,60.21315844277878
Male,B.Sc,EE,6.020972022277789,8,8,6,1,49.66250474373097
Female,M.Tech,CSE,8.162759925215427,8,7,5,0,52.92031135377574
Female,B.Tech,CE,8.250757120375201,5,8,1,0,45.06373574724164
Female,B.Tech,CSE,6.66387381788451,7,6,1,1,36.346401897563496
Female,M.Sc,EE,8.198431880501673,7,9,3,2,60.08024524730394
Male,B.Tech,CE,7.812530716000267,7,5,4,2,48.33568787835928
Female,B.Tech,CE,6.853389772568714,8,8,3,0,51.000489457206896
Male,B.Tech,CSE,6.28973437910855,9,6,4,1,50.50683962059836
Female,B.Sc,EE,5.144849169992906,3,5,1,0,12.973680199999013
Female,M.Tech,ME,7.919580056759632,7,5,3,0,47.92976114753748
Female,B.Tech,CSE,5.622236674365534,3,8,0,1,23.20440394634417
Male,B.Tech,CE,7.61441303932957,7,6,5,0,55.13337669443615
Female,M.Tech,CSE,7.183862140701301,10,9,5,1,60.33906927385652
Female,M.Tech,CE,8.314971330525834,8,8,5,0,60.544045158783675
Female,B.Tech,CSE,7.137545400612163,4,7,1,2,35.236554826882994
Female,M.Sc,ME,7.10466265638349,6,5,4,1,43.317986085157
Male,B.Tech,ECE,8.378244845145955,8,8,2,1,58.98040099033763
Female,B.Tech,CSE,7.902069634900941,7,5,1,2,44.79032900851786
Male,M.Sc,CSE,7.879387148619334,7,6,4,2,53.184004227548364
Male,B.Tech,CSE,8.06312110777023,3,4,3,2,41.83240459634902
Male,M.Tech,ECE,5.657313452151473,8,8,2,0,43.12696580979928
Male,B.Tech,CSE,8.408146415984378,4,9,0,0,43.59609326818156
Male,B.Tech,ECE,8.234962552816322,5,8,3,0,47.773663798446236
Male,M.Sc,CSE,6.279980245708203,7,5,1,1,34.31392404447111
Female,B.Tech,CSE,7.207103431590959,10,6,7,2,66.22033290906096
Male,B.Sc,ME,7.452831254846843,3,7,3,0,36.95584408885122
Male,B.Tech,CSE,7.338603858717921,7,9,5,1,51.084695638633605
Male,B.Tech,EE,7.900631959882242,4,6,1,0,37.787614122883824
Female,B.Tech,CE,9.217640138197421,6,8,5,2,62.27968701647239
Female,M.Tech,ME,8.798120073207395,5,7,4,2,51.64902232492853
Male,B.Tech,ECE,5.925336967882313,3,6,0,1,16.435876031856584
Female,B.Sc,CE,8.246483988367258,4,4,2,0,36.163924149986926
Male,B.Tech,CSE,9.094719983442491,3,9,0,1,42.407635702996025
Male,M.Sc,CSE,7.964170224827043,9,5,6,2,55.69482555863355
Female,B.Tech,CSE,8.80917651022316,7,6,1,0,48.77969254082853
Male,B.Sc,CE,9.914724534840918,5,6,3,3,59.461079148832354
Female,B.Sc,CSE,8.728451455328377,4,4,0,2,39.254338721328466
Female,B.Sc,ECE,7.799170314770075,6,8,2,1,46.46388358204888
Male,B.Sc,EE,8.754106168901703,8,9,2,0,64.79040378176984
Male,B.Sc,CE,7.673865399716269,8,9,2,2,58.372982060126326
Female,M.Tech,ECE,7.528683651941947,5,5,0,0,31.45103971856502
Male,B.Tech,CSE,7.078302917143521,9,6,4,1,52.83449254607459
Male,B.Tech,CE,9.37609603059853,6,7,3,2,64.38939307496611
Male,M.Sc,ECE,6.517885600869598,3,6,2,0,29.866070929312954
Female,M.Tech,CSE,9.33884126961374,5,5,1,1,43.62218995233512
Female,B.Sc,CSE,8.099836948488445,8,6,2,2,51.45392778622856
Male,B.Tech,EE,5.8208325902376705,8,4,2,0,31.023899363800442
Female,B.Tech,ME,7.941179151589706,6,6,1,1,42.550197278953036
Female,B.Tech,CE,5.0,7,6,1,0,25.21373039137187
Female,M.Tech,CE,8.250609620197244,7,7,3,0,52.272352152433356
Female,B.Tech,ECE,8.56227777958679,8,4,5,2,62.02527505502185
Female,B.Tech,ECE,6.7891728532175355,3,4,3,0,29.998573543008227
Male,B.Tech,ECE,7.648257235146699,5,6,1,0,36.353595826626766
Male,B.Tech,CSE,9.844988920500343,8,9,2,1,62.943630744516646
Male,M.Tech,ECE,6.893103954885676,4,7,3,1,34.570727237032166
Female,B.Tech,CE,6.2293108955320795,5,6,4,0,33.26098544874683
Female,B.Sc,ME,9.277996082955118,7,6,4,2,58.932873119976655
Male,B.Tech,CE,9.855104628636953,8,5,4,2,70.66431584303768
Female,B.Tech,ECE,7.504434806217417,6,5,5,1,44.04354121711788
Male,B.Tech,ME,8.713755642490028,4,9,3,2,55.800389655812445
Male,B.Tech,ME,9.109771098637058,8,7,4,1,59.057429971199184
Male,B.Tech,ECE,6.60901892095394,3,8,2,1,34.84793905183402
Female,B.Tech,ME,6.917632997558558,4,5,3,0,32.087991865348584
Female,M.Tech,CSE,8.977049415785682,8,8,6,1,73.51099971273287
Male,B.Tech,ECE,9.522017134450211,3,4,1,1,38.29297054261784
Male,M.Tech,CSE,8.175457032209225,4,5,0,0,32.36039779142057
Male,B.Sc,ECE,6.4442227757975346,3,5,0,0,19.77626107277611
Male,B.Sc,ECE,9.88447333403933,3,7,3,3,56.4048953493406
Female,B.Tech,ME,6.862834922625643,4,9,2,0,35.80573370971305
Female,B.Tech,EE,7.097834662594257,4,8,3,0,37.60697227783858
Male,B.Tech,ME,7.910805401387545,3,5,1,0,30.657867000390507
Male,B.Tech,ME,9.364992504857728,7,5,2,3,53.30974871473831
Female,M.Sc,ECE,8.524771171862668,4,7,1,2,48.461963869332635
Female,B.Tech,ME,7.997838600434292,8,7,2,2,64.01488574995125
Male,B.Tech,CSE,8.055946236141727,7,9,1,0,51.23049073065333
Male,M.Tech,CSE,7.552217602372159,6,8,2,1,43.461608626213625
Male,B.Sc,ECE,8.169767417422207,3,4,3,1,34.47054416754394
Female,M.Tech,ECE,5.0,3,9,3,0,26.72841089456359
Female,B.Tech,CSE,7.144071049116242,8,4,5,0,48.46527916668663
Female,B.Tech,CSE,7.7895863219001376,9,6,2,1,52.44020315529636
Male,M.Tech,CSE,6.118783099656591,6,5,4,0,37.528467266132665
Male,B.Tech,EE,7.963587981373872,4,8,0,1,33.58987274797977
Female,B.Tech,CSE,7.254634534816654,8,9,3,0,54.56777136837107
Female,B.Tech,ECE,9.606570837978587,3,5,3,2,50.574930743878426
Male,B.Tech,CSE,9.387623670257828,7,8,5,2,65.6712313825306
Female,B.Tech,ME,6.941033317058205,5,8,1,0,32.124005894984954
Female,B.Tech,CSE,7.318994746119966,9,8,5,2,62.16683921384557
Male,M.Tech,CSE,7.411262921269929,5,5,3,1,44.467069715700646
Female,M.Tech,ECE,6.958008628608453,6,9,3,1,46.28599429788184
Male,B.Sc,CSE,7.7340299808337525,3,7,0,1,31.40168039185955
Male,B.Tech,CSE,6.590061517334892,9,5,5,0,49.00312277330699
Male,B.Tech,CSE,6.143261598074968,4,8,1,1,36.32218501882023
Male,B.Tech,CSE,8.247253468680322,5,9,3,2,55.221864695717514
Male,M.Tech,CSE,8.255435501066174,8,6,6,2,64.92859674880305
Male,B.Sc,CSE,6.534821088408009,5,4,0,1,30.988433549470834
Male,B.Tech,CE,8.57442651691512,7,8,3,1,59.19756463297551
Female,M.Sc,ECE,6.7421067250016025,5,6,0,0,27.554175672973596
Male,B.Tech,ECE,7.803798285645577,6,7,5,2,49.47798374706824
Male,M.Tech,CSE,8.484412815134947,4,8,4,1,48.141517531474896
Female,B.Sc,EE,7.459664922355544,6,6,5,2,47.66603284106246
Female,B.Sc,ECE,8.045689094569362,5,8,4,2,55.02983670372794
Female,B.Sc,CSE,6.880284427334914,7,5,2,0,41.010084051390145
Male,B.Sc,ME,7.264240099886283,5,9,2,2,46.55660122890861
Female,B.Tech,CSE,7.2529686829435915,8,6,6,1,51.4895139449098
Male,B.Sc,CSE,6.604105984151714,5,9,4,1,49.428871421134815
Male,B.Tech,ECE,7.287871004261062,4,5,3,0,33.4785953840476
Male,B.Sc,CE,5.641658041363504,6,5,3,0,32.215946834641194
Male,M.Tech,ECE,6.910615503429474,6,9,1,0,40.83388975289774
Female,B.Sc,ME,7.158149407956395,7,6,3,0,44.574886897488106
Female,B.Tech,EE,7.192584297005544,5,9,2,2,47.30450223649891
Male,M.Tech,CSE,7.210203064955065,6,9,3,0,44.395380127149764
Male,M.Tech,CSE,7.425882960167845,6,4,5,0,47.360393928691465
Male,B.Sc,ECE,8.075329821703276,6,6,5,1,47.93568490118006
Female,B.Tech,ECE,8.549420488959028,7,4,2,0,43.84752068231318
Male,B.Tech,ECE,6.72028172778208,3,8,0,1,33.42120071192595
Male,B.Tech,EE,6.056158973533027,8,9,5,1,52.88474590228935
Female,B.Tech,ME,6.249546705308276,4,8,2,1,41.11845352489396
Female,B.Sc,ME,6.915356494566088,3,6,0,0,25.586079187244806
Male,B.Tech,CSE,7.077694418620189,7,9,1,1,51.567454401098416
Female,M.Sc,CE,6.576004720563051,8,8,3,1,42.99470308649921
Female,B.Tech,EE,5.944660002900127,8,7,5,0,40.87185954225362
Male,B.Tech,CE,6.952655007030974,8,5,4,1,50.51361776554788
Female,B.Sc,CSE,7.717711944136766,7,9,4,2,53.08516818797715
Male,M.Tech,ME,8.214035359002677,4,5,1,1,37.69210933298759
Female,B.Tech,CSE,6.831092336270014,8,4,6,1,52.932625713006004
Male,M.Tech,CSE,7.004402613427879,6,8,1,1,43.085485029588845
Male,B.Sc,CSE,6.387962029383227,9,4,4,0,43.58328005948032
Male,B.Tech,ME,7.4622729955502685,6,9,5,2,54.64853778903588
Female,M.Sc,ME,6.481885638971022,4,5,1,0,26.497991457602023
Male,M.Sc,CSE,8.18775337588944,5,5,3,0,44.63604315024101
Female,M.Tech,ECE,5.356960209679066,7,8,1,0,30.492411580449176
Male,B.Tech,ECE,7.068444393057045,7,9,3,2,53.5258744423784
Male,M.Tech,ECE,7.86132880703009,3,7,3,1,43.95882063033223
Female,B.Tech,CSE,7.720601419587005,5,7,4,2,48.76728522873356
Male,B.Tech,ECE,10.0,4,8,0,1,52.204368550421954
Male,B.Tech,CE,7.919760029481489,4,9,3,1,48.63656334556393
Female,B.Tech,CSE,6.295134483789588,9,8,3,0,49.31369843989565
Male,B.Sc,CSE,7.385442903493113,10,9,6,1,69.28135147328732
Male,B.Sc,ECE,5.368504399840258,8,4,5,1,35.612345975540144
Male,B.Sc,EE,7.403280300843887,6,8,4,1,48.388469853462944
Male,B.Tech,ME,6.50033273159909,8,9,2,1,46.304138091223365
Female,B.Tech,ME,8.598468330672194,5,7,0,0,39.99018459965624
Female,B.Tech,ECE,6.840551670485358,7,9,2,0,39.648068258838705
Male,M.Sc,ECE,7.359880901045704,4,9,3,0,32.06251524904777
Female,B.Tech,CSE,6.737330590314716,8,8,2,0,49.121452788258345
Male,B.Sc,ME,9.586621622223998,7,4,2,3,54.524717386668016
Female,M.Tech,EE,7.114508680658506,8,4,3,1,49.8310239085132
Male,B.Tech,ME,9.699068452175041,3,4,2,2,48.96819473445519
Male,B.Sc,CE,8.47698211454192,4,4,2,2,40.978160881166104
Male,B.Tech,ME,8.078480072802463,3,6,2,2,42.209035640147874
Male,B.Sc,CSE,7.942479776781024,5,8,2,2,49.70805617860509
Male,M.Sc,EE,7.972556757859502,7,5,2,1,43.86335079167103
Male,B.Tech,CSE,5.186792904785268,6,8,1,0,28.63137966337827
Female,B.Tech,ECE,7.165339927019092,8,6,6,1,51.830301022267854
Male,M.Tech,CSE,8.514189565421185,9,4,3,1,58.269743621262606
Female,M.Sc,CSE,7.441323379831073,5,6,0,0,31.946721868032718
Male,B.Tech,ECE,5.8137721838357095,3,7,0,1,22.148300049979795
Female,M.Tech,CSE,7.437114659307037,10,7,6,1,63.20329119880997
Female,M.Tech,ECE,9.54492661950659,7,8,3,1,63.96763005199102
Female,B.Sc,ECE,8.996270058641663,6,8,2,2,62.52084115074761
Male,B.Tech,CSE,7.425595188760762,7,5,1,2,43.16402271733014
Male,B.Sc,CSE,8.641739132469704,4,5,3,1,48.50421622074177
Female,M.Sc,ECE,7.0601915755583375,5,7,4,2,46.91225154746624
Male,B.Tech,CSE,5.455354095807937,10,4,6,1,50.98733221295737
Female,B.Tech,ME,6.390640814244534,7,6,3,0,38.32853753102275
Male,M.Sc,ME,9.375466522209837,4,5,3,1,51.34120785916773
Female,B.Tech,CE,7.171208301804835,6,9,5,2,54.07166796525022
Female,B.Sc,ME,7.207939224749978,7,5,1,0,29.612789618343562
Male,B.Tech,ECE,7.140194164470143,6,4,2,2,36.460523120648325
Female,B.Tech,ME,9.784963907487608,8,4,4,2,66.90135872722836
Male,B.Sc,CSE,9.451150698434475,5,8,4,1,61.03347671722463
Female,B.Tech,CSE,10.0,5,6,2,3,55.559512278539664
Female,M.Tech,CE,7.309145747519938,5,4,3,2,40.627088242744755
Male,B.Tech,ECE,7.854749386496514,4,5,2,0,37.638276998555604
Male,M.Tech,CE,5.680028940695051,6,5,5,0,34.531732490513036
Male,B.Tech,CE,9.27232131134193,8,7,3,2,67.26482822547494
Female,B.Tech,CE,6.098664538478478,7,4,2,1,36.03631982132385
Male,M.Sc,EE,7.760130676515155,4,9,2,1,44.122019987543474
Female,B.Tech,ECE,6.183236966840587,3,8,0,0,22.789169566673387
Female,M.Tech,CSE,6.793359807913565,7,6,3,0,44.887783623758914
Male,B.Tech,ECE,6.495285082740359,5,9,3,0,40.805641234523065
Male,B.Sc,ECE,6.7705496871890185,4,8,1,0,28.47900016554322
Female,B.Tech,ME,6.853052756221226,5,5,1,0,31.558787283349293
Female,M.Sc,ME,6.842077446089908,6,9,2,0,38.82161277038847
Male,B.Tech,ME,8.500000694136368,5,8,0,1,42.884078145308465
Male,B.Tech,ECE,6.174164648324976,4,5,0,0,20.08925778379295
Male,B.Tech,CSE,7.76464971241664,6,5,5,2,51.27807353703451
Male,B.Tech,ECE,8.96155098276667,3,5,1,1,41.11498485159611
Male,M.Tech,CSE,6.884164362583925,4,5,2,1,31.078160507779728
Female,B.Tech,CE,6.638497331102878,7,5,4,0,40.068769471069395
Female,B.Sc,CSE,7.223370449783699,10,7,4,1,56.830491732797164
Female,B.Tech,CSE,8.915670250032852,4,9,0,1,50.303229078126655
Female,B.Tech,CSE,7.732929157144029,8,8,5,1,50.94985554317633
Male,M.Tech,ME,6.862542846470882,8,7,5,1,51.69366929424538
Male,B.Sc,ME,8.080651981425648,4,7,0,2,45.45219960803432
Male,B.Tech,CSE,6.177249420196292,4,4,2,0,25.948520005343248
Female,B.Tech,CSE,8.317631412531538,3,4,0,1,36.261885752446155
Female,B.Tech,ECE,7.990328769242121,7,4,3,2,43.505892703586625
Male,B.Sc,CSE,7.130629834633339,5,6,3,0,34.50147575783711
Male,M.Tech,ME,6.493697041863323,8,4,3,0,40.94877111768378
Female,B.Tech,ME,6.435982893259851,6,8,5,0,48.823344694887666
Female,B.Sc,ECE,8.141780803615092,6,7,4,2,51.31586506004527
Male,B.Sc,CSE,8.974776602986875,7,8,3,2,61.01870760313503
Male,M.Tech,EE,6.735230703565446,3,9,1,0,32.50466553588255
Female,B.Sc,ECE,8.05006404426178,3,4,1,0,26.49844462986315
Male,B.Tech,ME,5.0,4,6,0,0,18.231740445409613
Male,B.Tech,CSE,6.79845872321136,8,9,5,1,47.54147616993722
Male,B.Tech,ECE,7.4627292805549175,8,6,3,2,54.03087185450184
Female,B.Tech,CSE,6.408379899621799,7,9,3,0,41.46502449406726
Female,M.Tech,ECE,6.376192350252484,7,7,3,0,39.58102919663233
Female,M.Sc,EE,6.698664532237337,4,8,0,1,34.147639037234924
Female,B.Tech,ECE,7.850631273991648,7,5,2,1,47.778877443759974
Female,B.Tech,CSE,7.27520517791235,6,8,4,0,47.18284300997454
Female,B.Tech,CSE,5.0,4,4,4,1,26.24045498823938
Female,M.Sc,ECE,5.0,5,5,0,1,14.677249739921308
Male,B.Tech,CSE,6.771761786571389,6,6,4,0,41.4660360561548
Male,M.Tech,CSE,8.049223903264263,8,7,6,1,59.36927747145458
Male,B.Tech,CE,5.0,5,7,2,0,27.865205517151065
Male,B.Tech,ECE,6.900323788618043,5,6,2,0,36.90758838506106
Male,M.Sc,CSE,6.868502572179095,6,4,2,0,36.269948978555476
Male,M.Sc,EE,9.166005333850137,4,6,4,3,60.59884416788889
Male,B.Tech,CSE,7.037973825944563,8,9,4,0,56.3846633307501
Female,M.Sc,EE,7.959586781689114,7,4,3,2,48.95192335548112
Female,M.Tech,CSE,7.6695085681049555,6,5,2,0,40.5688034037228
Male,B.Sc,CE,5.0,8,6,5,0,39.58059291991296
Male,B.Tech,ME,8.421848659958085,6,4,3,1,47.82850487288089
Female,M.Tech,CE,7.758475806547546,8,5,2,2,52.77748591612555
Male,B.Tech,EE,8.109922367609508,7,6,1,1,40.96857293133797
Male,M.Tech,CSE,10.0,7,7,4,3,76.30907722304661
Female,B.Tech,EE,5.0,5,6,4,1,29.62753019511341
Male,B.Tech,ECE,9.569635979713329,5,8,1,2,51.328197663380074
Female,B.Tech,ECE,7.155062976719574,4,6,0,2,30.855664472233542
Male,B.Sc,CSE,7.8447946852836115,8,8,2,1,47.79189806930512
Female,B.Tech,ECE,7.445385305638509,6,5,4,0,39.957162148829354
Female,M.Tech,CSE,6.990916399922348,7,6,5,0,46.51875311361473
Female,M.Sc,ECE,6.816200486113489,7,5,5,0,48.77468008749747
Male,B.Tech,ECE,7.895410482687611,5,5,3,1,44.38226443016285
Female,M.Tech,CE,5.679391563993985,7,4,1,0,28.441597886524303
Male,B.Tech,CE,8.400695001026119,7,5,2,1,46.332189775842906
Male,B.Sc,ECE,7.000566714137696,5,5,0,0,27.307722145643417
Male,B.Tech,CSE,6.143916793151571,4,6,4,1,31.28938434545951
Male,M.Tech,CSE,6.959984570405023,6,6,1,1,35.86374380809404
Female,B.Sc,CSE,9.008579060235087,9,7,3,1,63.21908595488694
Female,M.Sc,CSE,6.857597895580533,7,4,3,1,39.984220855000416
Male,M.Tech,CSE,7.930144341851545,9,5,2,0,49.45251981911761
Male,B.Tech,CSE,6.622852469141432,4,4,3,1,29.056475457376482
Female,M.Tech,EE,8.409506219908344,8,8,4,1,61.97330792799785
Male,B.Sc,ECE,8.322609286548245,4,5,3,1,41.99241136918914
Female,M.Tech,CSE,9.718330599955694,4,4,3,2,46.85661519440082
Male,B.Tech,ECE,7.289323265400942,8,7,5,0,53.283529503623896
Male,M.Sc,CSE,8.302385765709488,3,7,0,0,35.01957815646775
Female,M.Tech,ECE,7.617681047446734,7,5,5,2,48.30053726034821
Male,M.Tech,ME,9.055046138235618,6,8,3,3,60.11192804487966
Female,B.Tech,ECE,6.637401134869523,3,7,0,1,29.171180047806775
Male,M.Tech,ECE,8.394006375452737,4,7,4,0,43.288021770067644
Male,B.Tech,EE,7.266363244659982,5,8,0,2,36.64942003655219
Male,M.Tech,CE,7.422974187469802,8,4,5,1,50.007638703288045
Female,B.Tech,ME,7.610102981338048,3,7,0,2,37.08497025301973
Male,M.Tech,ECE,7.802688475712013,3,6,1,1,40.136002515329054
Male,M.Sc,ME,7.36052514825365,4,9,4,0,45.806623620749626
Male,B.Tech,CSE,7.757655819804632,6,9,5,1,59.022640361518334
Male,M.Sc,ECE,9.393741669074622,3,7,0,2,46.95809845550827
Female,B.Tech,CSE,8.682539622738261,3,4,0,1,32.59544535305693
Female,B.Sc,ECE,8.542985510996276,6,4,3,0,48.101935184657286
Male,B.Sc,ECE,6.953352568771355,4,5,1,0,28.46329126584377
Female,M.Tech,CSE,6.432911006126011,8,6,5,0,47.50634532801788
Male,B.Sc,EE,8.646360669885304,8,4,4,0,51.48451898470339
Male,B.Sc,EE,8.551256151035753,3,8,3,2,49.92909653095616
Male,B.Tech,ME,9.267204810901179,6,6,2,1,53.463926497331606
Female,B.Tech,ECE,6.775223248836925,3,9,3,0,36.23400162346269
Female,M.Tech,CE,7.224541613567584,5,6,4,0,40.53647460137456
Female,B.Sc,CSE,5.5326190049694794,8,8,6,1,47.475215794902944
Female,B.Sc,CE,7.029034672726953,7,7,1,2,46.2949470418836
Female,B.Sc,CSE,8.695884612695338,6,8,5,2,60.512589845052894
Female,B.Tech,CE,6.940205544926163,3,8,2,0,28.097391100646437
Female,B.Sc,CSE,8.268575754240988,6,7,4,0,45.87843318728749
Female,B.Tech,CE,7.271396272802626,8,7,4,0,51.626071789541136
Female,M.Tech,EE,7.8888684338658726,7,7,5,0,52.65822382567533
Male,B.Tech,CSE,6.122770332221199,5,7,4,0,30.660435572142156
Female,B.Tech,ECE,7.602251339560682,8,7,3,1,53.377557382969876
Female,B.Tech,EE,5.0,6,8,1,1,29.273931890635478
Female,B.Tech,ECE,7.275724610205618,4,5,2,2,35.15550688156551
Female,M.Tech,CE,5.5434321075418325,5,5,4,0,29.778798377571334
Female,B.Tech,ECE,8.947193419856179,6,4,2,1,52.51733143834937
Female,B.Tech,ECE,8.432888823317413,3,5,0,1,38.67332731818212
Female,B.Tech,CSE,8.060005178359297,7,9,3,0,54.791324999481546
Female,B.Tech,CSE,9.325207472591256,7,5,3,1,57.0304468702923
Female,B.Tech,CE,6.361300175010196,5,8,4,1,41.418784450673996
Female,B.Tech,ECE,9.59683583749867,3,7,1,3,52.06359137887061
Female,M.Tech,ECE,8.618629877112461,6,7,2,2,52.7957736203895
Male,M.Tech,ECE,7.216133655337265,6,8,3,0,45.375986667438454
Male,M.Tech,ECE,8.862744176619533,3,9,2,0,41.34446523548069
Female,B.Tech,CE,6.172447785106039,6,5,2,1,33.83428891623209
Female,B.Tech,EE,6.510583006166792,8,8,2,1,47.60504993318568
Male,B.Sc,ECE,6.76969233211236,3,4,0,0,19.704183722210495
